,age_0,city_0,city_1,city_2,city_3,city_4,city_5,sex_0,sex_1,sex_2
0,28.72140608604407,0,0,0,1906,0,0,0,1025,881
1,28.61159420289855,328,106,73,200,449,224,0,735,645
2,29.05518018018018,253,65,43,104,279,144,0,473,415
3,27.763636363636362,0,0,0,440,0,0,0,240,200
4,44.760840108401084,405,106,78,181,444,262,1,903,572
5,30.628504672897197,0,0,0,0,292,564,0,437,419
6,44.76190476190476,104,19,23,52,85,53,0,202,134
7,28.571428571428573,193,46,13,80,195,89,1,340,275
8,32.14462809917355,122,61,42,73,134,52,2,269,213
9,29.09567901234568,0,0,0,972,0,0,0,520,452
10,28.734444444444446,316,46,42,107,237,152,1,456,443
11,28.8046875,171,64,28,79,189,109,0,323,317
12,89.68429487179488,195,44,44,64,154,123,2,326,296
13,29.33116883116883,94,16,15,44,85,54,1,148,159
14,27.06367924528302,194,72,33,118,285,146,1,412,435
15,25.52843137254902,1020,0,0,0,0,0,3,509,508
16,28.744505494505493,214,61,37,90,201,125,1,379,348
17,33.10180722891566,341,291,173,234,440,181,2,972,686
18,14.441810344827585,455,41,11,75,217,129,1,515,412
19,26.997448979591837,92,35,17,57,119,72,1,175,216
20,29.04451219512195,511,111,73,191,472,282,3,849,788
21,14.42536231884058,683,52,30,118,288,209,1,762,617
22,14.416847826086956,925,77,22,153,396,267,1,1022,817
23,14.426401869158878,428,37,15,76,172,128,1,466,389
24,17.072115384615383,480,83,26,145,329,185,0,622,626
25,28.604430379746834,102,18,11,41,85,59,1,155,160
26,29.402830188679246,636,161,81,251,650,341,2,1101,1017
27,17.037190082644628,189,38,15,41,119,82,0,251,233
28,29.537393162393162,289,65,43,123,288,128,1,491,444
29,20.323170731707318,114,20,14,43,93,44,2,158,168
30,44.752966101694916,636,160,139,287,706,432,1,1451,908
31,33.18804347826087,393,301,209,281,458,198,4,1092,744
32,24.640625,290,11,14,64,195,130,2,365,337
33,27.016975308641975,164,50,25,84,218,107,1,295,352
34,28.683695652173913,297,62,35,125,283,118,1,481,438
35,32.34577922077922,0,0,1232,0,0,0,0,659,573
36,89.03781512605042,157,29,29,41,126,94,2,265,209
37,26.98695652173913,117,38,11,65,151,78,0,206,254
38,33.37820512820513,339,260,168,241,399,153,4,934,622
39,28.971264367816094,110,20,10,46,101,61,0,189,159
40,30.072164948453608,123,22,26,49,99,69,0,196,192
41,26.368181818181817,159,13,5,30,135,98,0,212,228
42,27.265060240963855,138,27,10,29,79,49,0,172,160
43,28.72140608604407,0,0,0,1906,0,0,0,1025,881
44,28.49367088607595,339,69,36,117,256,131,0,494,454
45,32.46228070175439,0,0,1140,0,0,0,0,607,533
46,32.832608695652176,201,148,99,133,234,105,1,540,379
47,29.166875,467,108,68,188,494,275,5,853,742
48,14.418803418803419,695,58,15,104,305,227,0,788,616
49,17.026923076923076,619,92,47,180,378,244,0,784,776
50,27.042424242424243,325,110,51,178,439,217,1,608,711
51,27.58,131,32,21,53,103,60,1,186,213
52,28.711333333333332,585,110,57,136,367,245,4,754,742
53,28.757978723404257,0,0,0,752,0,0,0,420,332
54,30.386138613861387,144,19,22,48,102,69,0,175,229
55,88.944,321,69,66,110,255,179,2,518,480
56,32.8924,538,398,279,366,662,257,4,1469,1027
57,32.34577922077922,0,0,1232,0,0,0,0,659,573
58,30.21698113207547,139,30,20,38,125,72,1,209,214
59,29.538352272727273,282,60,32,66,173,91,4,353,347
60,20.355,506,127,58,226,465,218,1,757,842
61,32.291121495327104,497,285,206,343,563,246,5,1236,899
62,88.32888888888888,288,60,64,104,227,157,2,470,428
63,25.508536585365853,895,58,27,250,757,473,4,1180,1276
64,28.325833333333332,425,86,41,110,331,207,2,595,603
65,28.664772727272727,251,47,28,70,188,120,3,353,348
66,29.60135135135135,341,80,31,95,214,127,1,448,439
67,28.930059523809526,207,52,34,73,198,108,0,354,318
68,24.519345238095237,264,15,6,55,220,112,2,302,368
69,29.691964285714285,130,25,22,56,139,76,0,245,203
70,29.143055555555556,181,59,31,101,248,100,0,383,337
71,88.6297520661157,388,82,80,133,314,213,2,635,573
72,26.95873786407767,210,73,28,110,275,128,2,372,450
73,26.64364035087719,912,0,0,0,0,0,5,488,419
74,28.902,922,192,72,255,649,410,7,1258,1235
75,28.873626373626372,359,61,48,123,327,174,0,577,515
76,14.420786516853932,881,72,28,137,381,281,1,972,807
77,28.588734567901234,466,105,40,125,358,202,5,623,668
78,44.827445652173914,178,51,38,108,229,132,0,459,277
79,14.446808510638299,366,34,13,54,169,116,1,426,325
80,27.0609756097561,231,75,31,147,338,162,3,461,520
81,25.511006289308177,489,33,12,109,375,254,2,604,666
82,27.684322033898304,151,38,20,55,152,56,1,241,230
83,29.117041198501873,414,82,32,109,280,151,4,520,544
84,27.061965811965813,115,33,28,60,163,69,0,212,256
85,28.491666666666667,127,29,22,83,135,84,0,254,226
86,27.03352272727273,434,135,65,252,575,299,2,811,947
87,27.808333333333334,0,0,0,480,0,0,0,265,215
88,31.8,0,0,840,0,0,0,0,463,377
89,20.3,231,56,18,102,189,84,0,328,352
90,28.96680790960452,347,83,83,203,467,233,0,770,646
91,28.660194174757283,0,0,0,824,0,0,0,466,358
92,27.214622641509433,0,0,0,424,0,0,0,222,202
93,20.33421052631579,250,59,13,98,235,105,0,345,415
94,26.596875,960,0,0,0,0,0,4,519,437
95,32.329449152542374,218,128,90,149,233,126,0,536,408
96,17.00686274509804,407,73,22,117,241,160,1,524,495
97,88.52,384,81,78,133,313,211,2,633,565
98,28.83061224489796,581,145,81,275,577,301,1,1027,932
99,88.6297520661157,388,82,80,133,314,213,2,635,573
100,28.443627450980394,135,22,11,44,118,78,0,210,198
101,28.55,537,110,68,207,495,263,3,920,757
102,24.566964285714285,541,21,9,124,409,240,5,651,688
103,20.41176470588235,241,58,19,93,180,89,1,308,371
104,28.69918699186992,460,110,83,188,406,229,0,749,727
105,29.324736842105263,591,127,69,237,561,315,4,945,951
106,29.10683760683761,215,57,48,147,324,145,0,501,435
107,28.36021505376344,139,34,17,39,85,58,0,176,196
108,88.6297520661157,388,82,80,133,314,213,2,635,573
109,30.53903903903904,0,0,0,0,473,859,0,701,631
110,0.0,586,90,77,130,288,125,0,754,542
111,28.82175925925926,358,106,60,165,389,218,0,694,602
112,29.472826086956523,0,0,0,368,0,0,0,180,188
113,28.679123711340207,224,57,41,106,225,123,1,409,366
114,28.99099099099099,142,28,14,56,140,64,1,229,214
115,25.482,187,8,7,52,146,100,0,233,267
116,28.385555555555555,205,65,62,139,298,131,0,466,434
117,17.062248995983936,403,62,25,102,253,151,0,500,496
118,26.497619047619047,127,25,15,47,136,70,0,206,214
119,28.5185,606,160,91,244,581,318,4,1044,952
120,28.626666666666665,435,87,56,188,473,261,2,813,685
121,29.523611111111112,178,46,46,101,216,133,0,369,351
122,28.800884955752213,113,34,23,75,141,66,0,242,210
123,26.837542087542086,1188,0,0,0,0,0,2,625,561
124,24.1625,123,4,5,20,103,65,2,166,152
125,28.635398230088494,701,162,99,283,621,394,2,1176,1082
126,28.85823754789272,353,76,49,120,284,162,1,561,482
127,32.55844155844156,0,0,616,0,0,0,0,332,284
128,24.333898305084745,949,31,20,196,717,447,7,1136,1217
129,20.36111111111111,650,143,73,266,584,264,1,915,1064
130,28.412128712871286,247,63,38,94,247,119,3,435,370
131,28.976973684210527,190,49,35,75,170,89,1,316,291
132,29.400490196078433,599,140,103,274,601,323,3,1072,965
133,27.533132530120483,114,36,20,33,75,54,1,181,150
134,28.651136363636365,361,67,31,80,225,116,6,439,435
135,26.833333333333332,432,0,0,0,0,0,2,210,220
136,29.260416666666668,430,103,63,173,411,260,0,761,679
137,28.583333333333332,150,25,13,44,94,58,2,192,190
138,32.34577922077922,0,0,1232,0,0,0,0,659,573
139,28.872631578947367,579,136,84,241,556,304,1,966,933
140,29.89957264957265,136,33,25,54,141,79,0,229,239
141,29.763020833333332,116,34,18,41,122,53,1,205,178
142,26.148695652173913,2300,0,0,0,0,0,5,1221,1074
143,29.96323529411765,292,63,53,110,274,160,0,504,448
144,29.34278350515464,246,55,37,87,231,120,1,400,375
145,26.975274725274726,91,32,22,57,106,56,1,174,189
146,28.866666666666667,254,65,38,105,241,137,3,431,406
147,0.0,125,16,15,33,73,38,0,156,144
148,32.64385964912281,478,352,245,356,616,233,3,1339,938
149,32.41632231404959,0,0,968,0,0,0,0,518,450
150,28.72140608604407,0,0,0,1906,0,0,0,1025,881
151,29.863486842105264,0,608,0,0,0,0,0,308,300
152,14.43141592920354,666,58,21,106,292,213,1,736,619
153,27.633849557522122,280,69,36,111,257,151,2,450,452
154,30.105371900826448,157,30,17,57,144,79,2,247,235
155,20.36038961038961,107,24,13,42,84,38,0,127,181
156,29.227564102564102,0,0,0,624,0,0,0,342,282
157,28.668316831683168,656,154,104,251,564,291,7,1087,926
158,28.926315789473684,694,170,95,268,695,358,4,1198,1078
159,30.66115702479339,154,37,30,67,124,72,0,255,229
160,25.12962962962963,383,22,13,85,289,180,1,480,491
161,30.68888888888889,0,0,0,0,747,1413,0,1081,1079
162,29.494270833333335,0,1920,0,0,0,0,1,970,949
163,23.819915254237287,555,24,8,127,447,255,5,675,736
164,28.658602150537636,351,106,87,221,487,236,0,798,690
165,44.802552552552555,378,92,79,148,401,234,1,831,500
166,29.513853904282115,0,1985,0,0,0,0,1,1007,977
167,29.151898734177216,0,0,0,632,0,0,0,347,285
168,24.54943502824859,588,19,8,108,424,269,7,687,722
169,28.682471264367816,453,100,66,152,402,219,0,720,672
170,29.533695652173915,340,70,29,82,249,150,3,456,461
171,17.057792207792208,608,93,36,175,396,232,0,778,762
172,27.444,162,34,21,69,125,89,0,252,248
173,28.949367088607595,198,50,28,77,188,91,1,348,283
174,20.34672619047619,475,103,49,195,346,176,2,613,729
175,25.975446428571427,1344,0,0,0,0,0,6,680,658
176,44.722527472527474,110,25,19,49,100,61,0,239,125
177,28.95,725,178,98,330,672,397,3,1261,1136
178,27.0,166,53,29,77,200,107,3,319,310
179,0.0,179,27,17,39,107,51,0,234,186
180,87.2336956521739,115,20,20,42,103,68,1,189,178
181,24.26375,973,37,16,202,720,452,9,1166,1225
182,29.30263157894737,132,33,15,67,140,69,1,256,199
183,28.714,146,39,23,55,158,79,1,280,219
184,17.028225806451612,206,37,11,49,116,77,0,261,235
185,44.7349537037037,248,64,58,91,261,142,0,528,336
186,25.920454545454547,169,16,4,39,134,78,2,213,225
187,44.825301204819276,275,52,52,124,310,183,0,609,387
188,29.047197640117993,306,99,86,187,474,204,0,687,669
189,27.0234375,105,33,10,63,108,65,0,163,221
190,29.095394736842106,0,608,0,0,0,0,0,308,300
191,0.0,608,86,75,132,294,137,0,804,528
192,88.6297520661157,388,82,80,133,314,213,2,635,573
193,30.35952380952381,482,98,32,117,317,214,7,613,640
194,0.0,522,63,52,119,247,113,0,624,492
195,44.848958333333336,247,75,57,117,299,165,0,601,359
196,14.434027777777779,448,27,10,71,172,136,1,466,397
197,28.488292011019283,0,0,0,1452,0,0,0,788,664
198,26.94724770642202,99,40,10,63,161,63,0,214,222
199,28.081,323,72,41,117,292,155,0,534,466
200,28.656028368794328,368,117,35,120,309,179,3,598,527
201,28.8130081300813,298,74,40,109,300,163,1,484,499
202,28.011363636363637,374,81,29,87,239,158,1,473,494
203,0.0,989,142,112,221,490,226,0,1264,916
204,30.449082568807338,0,0,0,0,738,1442,2,1111,1067
205,14.419724770642201,1091,88,36,164,466,335,1,1200,979
206,32.146844660194176,0,0,824,0,0,0,0,441,383
207,28.752409638554216,519,112,66,206,482,275,1,828,831
208,33.69078947368421,112,67,44,64,117,52,0,258,198
209,29.238636363636363,102,30,20,46,95,59,2,173,177
210,28.531432748538013,397,104,51,160,405,251,1,735,632
211,31.763117283950617,325,172,112,210,331,146,1,766,529
212,17.034274193548388,393,45,29,121,250,154,1,496,495
213,28.796116504854368,814,140,76,194,517,319,9,1021,1030
214,28.79,0,0,0,400,0,0,0,214,186
215,29.33438818565401,360,70,24,88,254,152,7,450,491
216,20.376984126984127,401,91,38,159,389,182,2,583,675
217,30.170454545454547,111,13,25,53,77,73,1,189,162
218,29.039115646258505,0,1176,0,0,0,0,0,613,563
219,28.739915966386555,753,177,122,273,678,377,2,1211,1167
220,44.803333333333335,404,105,88,178,450,275,1,920,579
221,28.40277777777778,342,72,54,127,311,174,2,562,516
222,25.809294871794872,458,38,13,107,362,270,2,596,650
223,28.825,361,114,107,256,544,258,0,857,783
224,14.394736842105264,147,16,5,21,64,51,1,162,141
225,28.846280991735537,937,185,76,244,604,374,10,1197,1213
226,28.302222222222223,207,59,59,119,317,139,0,460,440
227,29.976470588235294,71,28,31,58,102,50,0,175,165
228,29.776869158878505,0,856,0,0,0,0,0,436,420
229,29.227642276422763,135,29,17,68,161,82,0,261,231
230,14.42570281124498,505,47,12,78,214,140,1,542,453
231,17.02012987012987,594,98,46,178,390,234,0,800,740
232,28.91991869918699,750,187,110,284,728,401,3,1284,1173
233,28.52732558139535,419,129,111,235,553,273,0,895,825
234,32.34577922077922,0,0,1232,0,0,0,0,659,573
235,29.21991869918699,957,177,85,243,612,386,10,1200,1250
236,20.355263157894736,265,54,25,100,208,108,0,354,406
237,17.091867469879517,273,42,16,62,161,110,0,344,320
238,14.425595238095237,671,53,19,98,293,210,1,720,623
239,23.74122807017544,185,7,2,40,136,86,2,213,241
240,30.223809523809525,381,84,54,174,384,183,1,657,602
241,29.345588235294116,0,680,0,0,0,0,0,366,314
242,14.429381443298968,957,74,33,153,428,295,1,1053,886
243,27.604,175,34,22,53,132,84,0,260,240
244,28.68051948051948,476,106,66,179,479,234,1,776,763
245,28.889344262295083,429,100,74,197,409,255,3,712,749
246,29.375,100,16,10,39,111,52,0,169,159
247,88.6297520661157,388,82,80,133,314,213,2,635,573
248,0.0,716,94,86,162,355,167,0,912,668
249,32.329301075268816,157,110,98,104,185,90,1,453,290
250,28.24019607843137,246,67,27,98,241,137,0,430,386
251,24.071100917431192,534,21,7,101,403,242,6,615,687
252,28.724074074074075,341,87,57,117,303,175,2,564,514
253,29.241071428571427,404,75,27,104,257,141,3,518,487
254,31.38818565400844,217,119,79,145,258,130,0,549,399
255,28.106060606060606,416,101,62,166,369,206,0,702,618
256,26.632653061224488,132,29,17,50,113,51,0,193,199
257,29.42528735632184,0,0,0,0,259,437,0,325,371
258,28.675213675213676,107,32,28,64,154,83,0,242,226
259,28.906140350877195,861,175,86,227,567,364,9,1159,1112
260,28.587628865979383,318,50,23,80,182,123,3,394,379
261,28.708910891089108,643,135,94,266,578,304,2,1037,981
262,32.34577922077922,0,0,1232,0,0,0,0,659,573
263,29.647590361445783,0,0,0,332,0,0,0,179,153
264,29.730324074074073,242,55,36,113,272,146,1,471,392
265,29.976829268292683,0,0,0,0,580,1060,0,866,774
266,29.08252427184466,246,70,48,103,224,133,2,450,372
267,29.714646464646464,0,1188,0,0,0,0,1,607,580
268,28.971264367816094,322,73,52,126,308,163,1,542,501
269,29.301622418879056,0,1356,0,0,0,0,1,688,667
270,0.0,216,30,27,54,110,43,0,269,211
271,31.847368421052632,0,0,380,0,0,0,0,210,170
272,0.0,179,27,16,41,91,42,0,238,158
273,29.045762711864406,710,177,104,310,674,385,5,1251,1104
274,0.0,586,82,67,151,293,141,0,790,530
275,20.330528846153847,272,75,30,115,227,113,0,371,461
276,44.7,454,109,94,199,482,302,1,1014,625
277,14.420348837209302,838,67,31,133,391,260,1,940,779
278,0.0,200,28,25,51,92,40,0,250,186
279,29.327898550724637,334,86,56,131,318,179,2,568,534
280,29.392045454545453,283,62,43,97,270,125,0,464,416
281,28.033482142857142,129,27,17,48,139,88,0,233,215
282,28.845833333333335,292,89,88,181,389,161,0,618,582
283,28.88274336283186,133,37,19,51,139,73,0,242,210
284,28.525219298245613,277,55,38,111,273,158,2,444,466
285,28.08388157894737,194,39,24,71,181,99,1,313,294
286,28.464285714285715,296,73,47,122,253,161,1,492,459
287,88.6297520661157,388,82,80,133,314,213,2,635,573
288,25.483974358974358,376,26,8,100,260,166,1,458,477
289,33.0156,543,407,265,376,648,261,4,1475,1021
290,26.84504132231405,484,0,0,0,0,0,3,242,239
291,20.417763157894736,106,21,10,36,84,47,0,125,179
292,29.69493670886076,0,1580,0,0,0,0,1,805,774
293,89.27136752136752,153,27,25,51,127,85,0,248,220
294,27.013513513513512,104,46,15,72,142,65,1,225,218
295,28.779375,495,110,62,209,456,268,5,827,768
296,27.988372093023255,130,27,9,33,90,55,0,172,172
297,29.223300970873787,0,0,0,0,130,282,0,225,187
298,27.765625,293,67,42,114,285,159,2,497,461
299,28.582932692307693,270,60,39,87,259,117,0,431,401
300,28.591145833333332,388,85,54,146,303,176,2,614,536
301,24.869415807560138,463,25,5,113,347,211,4,546,614
302,28.789,0,0,0,1000,0,0,0,536,464
303,14.385416666666666,480,29,18,68,210,155,0,536,424
304,0.0,566,94,58,127,248,119,0,722,490
305,24.973148148148148,431,16,15,95,311,212,2,523,555
306,17.045161290322582,723,105,54,206,490,282,0,954,906
307,0.0,303,50,42,57,168,68,0,392,296
308,29.39264705882353,210,52,29,84,194,111,2,367,311
309,32.18604651162791,88,43,34,48,88,43,1,212,131
310,29.536184210526315,202,55,24,78,159,90,0,321,287
311,28.8625,164,68,54,95,230,109,0,370,350
312,20.36284722222222,370,82,40,168,321,171,0,521,631
313,20.365625,322,69,36,125,285,123,0,428,532
314,44.75963855421687,454,113,94,210,493,296,1,1021,638
315,29.57520325203252,158,31,25,60,127,91,1,262,229
316,28.639837398373984,734,190,131,324,702,379,4,1268,1188
317,14.405208333333333,493,37,13,72,205,140,0,511,449
318,17.03240740740741,178,17,10,39,118,70,0,214,218
319,17.0316091954023,147,19,11,37,80,54,0,173,175
320,88.5546875,377,73,77,124,298,203,2,606,544
321,14.404494382022472,348,29,13,65,155,102,0,393,319
322,29.235,99,30,21,50,140,60,0,213,187
323,20.346835443037975,545,114,53,194,450,224,1,733,846
324,32.94951923076923,197,84,84,129,243,95,0,492,340
325,28.859953703703702,0,0,0,864,0,0,0,457,407
326,45.03712871287129,114,24,31,48,110,77,0,242,162
327,0.0,489,78,55,113,249,132,0,663,453
328,32.76470588235294,205,176,96,139,234,102,1,529,422
329,29.61151960784314,253,71,41,101,233,117,2,463,351
330,28.795555555555556,331,79,32,82,247,129,2,448,450
331,44.75086206896552,628,154,139,284,691,424,1,1422,897
332,29.441666666666666,250,60,43,121,244,122,0,470,370
333,28.233585858585858,257,53,31,112,226,113,0,426,366
334,88.6297520661157,388,82,80,133,314,213,2,635,573
335,26.92924528301887,1272,0,0,0,0,0,3,656,613
336,28.801724137931036,153,35,20,50,124,82,1,248,215
337,31.03,71,37,29,46,81,36,0,189,111
338,28.31831395348837,270,58,16,68,164,112,1,355,332
339,28.577391304347827,704,156,108,281,672,379,5,1197,1098
340,29.227542372881356,731,164,107,267,690,401,5,1250,1105
341,27.63617886178862,492,0,0,0,0,0,2,263,227
342,29.608490566037737,0,424,0,0,0,0,0,206,218
343,31.989837398373982,217,135,97,154,261,120,2,583,399
344,29.844322344322343,0,0,0,0,385,707,0,563,529
345,28.537634408602152,680,148,54,186,482,310,7,930,923
346,32.72361111111111,159,105,72,117,191,76,0,420,300
347,29.185096153846153,133,26,20,45,122,70,2,231,183
348,17.044736842105262,896,131,63,257,579,354,1,1159,1120
349,26.66875,2240,0,0,0,0,0,10,1179,1051
350,28.902666666666665,484,91,76,193,423,233,0,800,700
351,28.829954954954953,274,63,39,125,256,131,0,457,431
352,28.735416666666666,626,184,150,339,729,372,0,1251,1149
353,28.40568181818182,281,61,39,105,266,128,1,460,419
354,27.024257425742576,500,159,76,280,658,347,2,980,1038
355,33.06739130434783,109,70,50,65,118,48,1,278,181
356,28.215,146,29,11,43,119,52,2,211,187
357,23.55595238095238,330,12,5,73,260,160,1,408,431
358,30.565243902439025,0,0,0,0,563,1077,1,848,791
359,44.768181818181816,538,126,115,241,595,365,1,1221,758
360,28.651282051282053,694,168,104,274,695,405,2,1253,1085
361,27.997340425531913,351,97,61,114,339,166,1,601,526
362,29.60514018691589,0,0,0,0,133,295,0,216,212
363,32.95909090909091,474,356,235,330,580,225,4,1313,883
364,25.395661157024794,968,0,0,0,0,0,2,498,468
365,29.031333333333333,470,94,64,188,432,252,2,793,705
366,30.036036036036037,0,1332,0,0,0,0,0,687,645
367,28.559322033898304,282,58,45,117,276,166,1,486,457
368,17.060606060606062,157,20,8,46,103,62,0,211,185
369,29.53,470,128,66,182,478,276,4,806,790
370,44.86021505376344,116,23,24,38,103,68,0,229,143
371,24.106666666666666,361,18,7,76,269,169,3,425,472
372,20.359375,155,30,14,59,127,63,1,188,259
373,29.1875,0,960,0,0,0,0,0,476,484
374,28.94264705882353,200,53,31,70,208,118,2,362,316
375,17.028877887788777,486,77,34,126,302,187,1,629,582
376,28.699029126213592,318,85,74,179,393,187,0,678,558
377,24.73109243697479,194,6,5,49,144,78,3,236,237
378,28.20580808080808,247,66,31,100,243,105,1,414,377
379,30.054517133956388,0,0,0,0,438,846,1,666,617
380,28.802197802197803,329,77,54,149,300,183,0,571,521
381,29.025641025641026,387,78,58,126,385,214,2,641,605
382,44.817961165048544,222,60,46,108,248,140,1,497,326
383,29.222689075630253,419,118,50,186,437,218,0,729,699
384,89.07908163265306,260,54,49,78,212,131,1,412,371
385,28.822916666666668,353,79,62,176,357,221,1,642,605
386,27.078666666666667,1500,0,0,0,0,0,4,798,698
387,28.84970238095238,421,114,58,170,374,207,1,689,654
388,24.42,335,10,6,52,244,153,3,402,395
389,28.127100840336134,293,71,54,122,263,149,2,495,455
390,29.759375,0,0,0,0,112,208,0,179,141
391,28.957920792079207,139,32,12,54,111,56,0,241,163
392,28.682407407407407,681,146,99,272,629,333,1,1137,1022
393,32.104166666666664,112,72,56,73,117,50,0,289,191
394,28.53846153846154,0,364,0,0,0,0,1,190,173
395,25.491263440860216,567,35,15,125,452,294,2,727,759
396,29.196666666666665,0,300,0,0,0,0,1,163,136
397,28.719298245614034,261,64,41,120,266,160,1,475,436
398,28.087813620071685,352,85,43,135,352,149,1,550,565
399,14.427777777777777,179,17,7,27,81,49,0,210,150
400,28.62828947368421,203,69,59,135,302,144,0,467,445
401,27.0231884057971,358,106,53,200,440,223,1,660,719
402,29.69836956521739,0,1104,0,0,0,0,0,554,550
403,20.385044642857142,291,76,24,116,256,133,1,401,494
404,29.11205357142857,677,172,101,269,619,402,1,1155,1084
405,26.39030612244898,784,0,0,0,0,0,1,404,379
406,28.655,325,64,58,100,308,145,0,511,489
407,28.234848484848484,401,110,55,159,394,201,0,676,644
408,29.546296296296298,151,32,16,53,121,59,1,203,228
409,28.3165,615,153,85,274,542,331,3,1031,966
410,44.75,461,112,86,186,477,298,1,984,635
411,44.887362637362635,92,30,21,54,106,61,0,223,141
412,32.20559210526316,0,0,608,0,0,0,0,325,283
413,28.59,931,190,83,231,601,364,8,1216,1176
414,28.3752,761,181,99,309,741,409,4,1310,1186
415,27.05,171,59,15,106,220,109,0,316,364
416,29.659259259259258,649,153,107,274,646,331,4,1102,1054
417,23.789024390243902,650,22,12,139,517,300,3,779,858
418,28.91711956521739,221,57,27,89,238,104,0,386,350
419,28.354430379746834,185,43,24,80,185,115,1,338,293
420,28.486363636363638,536,128,64,243,495,294,1,935,824
421,26.1509009009009,2220,0,0,0,0,0,4,1211,1005
422,17.028455284552845,589,87,43,168,351,238,1,761,714
423,28.774358974358975,429,124,78,199,482,248,0,815,745
424,29.361702127659573,695,142,59,183,491,310,2,951,927
425,28.6765625,203,54,30,68,197,88,0,340,300
426,17.04828660436137,512,63,36,135,330,208,1,661,622
427,29.31971153846154,123,30,21,56,109,77,0,231,185
428,28.459935897435898,381,86,68,152,379,182,1,652,595
429,27.006666666666668,82,25,7,53,82,51,1,147,152
430,28.67873563218391,429,135,97,253,588,238,0,917,823
431,27.276315789473685,119,25,17,50,110,59,2,183,195
432,30.02185792349727,443,97,54,181,436,253,0,810,654
433,32.40650406504065,98,88,54,65,128,59,1,286,205
434,44.727864583333336,195,59,43,105,228,138,0,438,330
435,28.695970695970697,319,66,44,138,347,178,1,566,525
436,29.353977272727274,0,0,0,0,617,1143,2,885,873
437,0.0,854,123,94,192,436,201,0,1112,788
438,26.643589743589743,1560,0,0,0,0,0,5,814,741
439,25.166666666666668,165,7,4,55,125,100,1,201,254
440,0.0,573,81,65,134,296,135,0,736,548
441,28.968220338983052,143,35,25,64,145,60,1,247,224
442,26.345833333333335,720,0,0,0,0,0,2,369,349
443,29.455882352941178,127,33,14,50,115,69,0,208,200
444,32.133620689655174,560,319,234,352,579,276,1,1352,967
445,28.56218487394958,703,183,113,288,712,381,4,1253,1123
446,27.50862068965517,107,26,16,51,92,56,1,175,172
447,28.512931034482758,431,89,51,207,412,202,1,711,680
448,28.795333333333332,0,0,0,1500,0,0,0,806,694
449,14.400485436893204,193,20,12,34,90,63,0,226,186
450,29.986725663716815,242,63,43,130,276,150,2,498,404
451,32.43814432989691,182,121,77,115,192,89,0,480,296
452,23.192073170731707,145,4,2,26,90,61,1,157,170
453,28.7373417721519,107,16,11,42,95,45,1,168,147
454,28.88841463414634,507,115,66,213,488,251,0,847,793
455,20.355940594059405,686,150,65,280,564,275,1,923,1096
456,26.182072829131652,1428,0,0,0,0,0,1,717,710
457,24.35217391304348,181,12,3,51,129,84,1,213,246
458,20.348924731182795,617,148,65,246,529,255,2,855,1003
459,27.94836956521739,116,25,12,49,107,59,0,193,175
460,28.52341772151899,396,113,85,221,520,245,0,843,737
461,28.550403225806452,255,72,56,132,319,158,0,528,464
462,28.955208333333335,302,62,32,124,301,139,1,491,468
463,29.02912621359223,378,87,60,164,369,178,2,648,586
464,29.110280373831777,626,154,91,280,636,353,1,1126,1013
465,44.76354166666667,256,64,52,114,287,187,0,591,369
466,27.64945652173913,333,80,60,129,331,171,1,585,518
467,29.929,306,60,45,129,289,171,0,517,483
468,28.892028985507245,308,106,92,189,469,216,0,738,642
469,88.6297520661157,388,82,80,133,314,213,2,635,573
470,28.591666666666665,703,132,49,168,466,282,8,925,867
471,88.6297520661157,388,82,80,133,314,213,2,635,573
472,20.373333333333335,713,151,73,290,586,287,1,979,1120
473,28.76358695652174,78,27,25,54,134,50,0,201,167
474,30.743303571428573,0,0,0,0,146,302,0,228,220
475,29.3136,803,182,115,313,709,378,0,1309,1191
476,28.692105263157895,0,0,0,1900,0,0,0,1021,879
477,28.807565789473685,182,30,27,90,171,108,0,335,273
478,20.375,796,184,87,321,676,336,0,1112,1288
479,30.03780864197531,0,0,0,0,439,857,0,633,663
480,24.012254901960784,163,6,5,29,128,77,0,192,216
481,29.677710843373493,294,71,62,110,283,176,0,576,420
482,28.94927536231884,341,87,49,124,330,173,0,586,518
483,29.17391304347826,270,64,38,133,271,144,2,447,471
484,27.3,111,33,31,67,159,79,0,259,221
485,29.32236842105263,159,31,20,59,116,71,1,235,220
486,31.96875,0,0,640,0,0,0,0,339,301
487,28.526136363636365,284,63,47,97,258,131,0,481,399
488,23.433734939759034,279,5,3,64,185,128,1,318,345
489,29.268939393939394,305,75,45,140,308,183,3,569,484
490,26.43820224719101,356,0,0,0,0,0,2,180,174
491,27.773809523809526,95,19,17,40,105,60,1,164,171
492,28.693681318681318,214,54,41,79,233,107,0,394,334
493,88.6297520661157,388,82,80,133,314,213,2,635,573
494,26.18777777777778,900,0,0,0,0,0,3,455,442
495,29.31534090909091,216,48,34,111,190,105,1,350,353
496,28.105113636363637,102,29,17,49,99,56,0,195,157
497,45.016,131,36,32,54,163,84,0,323,177
498,29.419135802469135,0,1620,0,0,0,0,0,818,802
499,20.330645161290324,121,23,10,50,112,56,0,177,195
500,28.838311688311688,477,114,76,175,436,262,1,779,760
501,29.945876288659793,143,26,10,30,118,61,1,194,193
502,25.672619047619047,1008,0,0,0,0,0,7,484,517
503,29.1025,589,139,109,268,583,312,0,1038,962
504,29.064102564102566,220,65,59,150,276,166,0,476,460
505,28.66025641025641,95,22,16,35,89,55,1,166,145
506,30.87171052631579,0,0,0,0,113,191,0,139,165
507,32.34577922077922,0,0,1232,0,0,0,0,659,573
508,17.05952380952381,393,56,38,117,246,158,1,521,486
509,31.879518072289155,0,0,332,0,0,0,0,174,158
510,44.75521739130435,619,155,139,280,686,421,1,1417,882
511,28.54123711340206,237,47,36,104,227,125,1,412,363
512,27.691176470588236,285,80,44,130,267,146,0,492,460
513,26.005238095238095,2100,0,0,0,0,0,10,1096,994
514,28.870426829268293,207,61,26,84,192,86,0,349,307
515,14.407657657657658,218,13,4,29,114,66,0,231,213
516,29.722560975609756,170,51,39,95,205,96,0,346,310
517,28.961633663366335,265,57,35,104,240,107,0,442,366
518,29.370666666666665,453,103,74,179,446,245,1,786,713
519,27.974137931034484,87,28,13,49,112,59,0,178,170
520,17.0331541218638,435,72,36,118,286,169,1,558,557
521,30.42452830188679,0,0,0,0,277,571,0,455,393
522,20.304,166,42,14,67,134,77,0,224,276
523,32.78712871287129,0,0,808,0,0,0,0,432,376
524,28.401875,474,107,65,209,489,256,0,850,750
525,27.05625,320,0,0,0,0,0,2,162,156
526,30.154411764705884,233,56,22,87,190,92,2,371,307
527,32.78431372549019,181,127,82,127,199,100,1,486,329
528,26.992088607594937,144,44,26,98,211,109,2,269,361
529,28.957264957264957,141,34,15,70,139,69,0,239,229
530,32.282766990291265,0,0,824,0,0,0,0,436,388
531,28.932692307692307,128,26,13,50,122,77,0,224,192
532,17.068877551020407,173,27,14,39,89,50,0,206,186
533,14.40925925925926,533,43,17,80,241,166,1,555,524
534,24.25462962962963,501,25,14,120,409,227,1,626,669
535,28.55316091954023,355,89,92,195,434,227,0,729,663
536,27.06,300,0,0,0,0,0,0,161,139
537,27.040816326530614,276,85,52,175,407,181,0,558,618
538,29.22252747252747,122,20,13,50,99,60,0,197,167
539,27.01478494623656,185,69,28,98,237,127,1,359,384
540,29.30876288659794,595,134,79,233,581,318,5,1011,924
541,32.75235849056604,0,0,424,0,0,0,0,231,193
542,29.440625,384,69,26,88,251,142,3,478,479
543,29.00108695652174,286,60,40,114,288,132,0,481,439
544,28.933125,464,113,60,200,503,260,3,830,767
545,29.648809523809526,0,336,0,0,0,0,0,175,161
546,27.008474576271187,247,71,25,128,328,145,1,439,504
547,17.038659793814432,448,61,35,121,309,190,0,598,566
548,28.72140608604407,0,0,0,1906,0,0,0,1025,881
549,17.047043010752688,609,85,42,156,376,220,0,751,737
550,89.81666666666666,195,41,41,67,152,104,2,296,302
551,17.0275974025974,242,31,14,67,165,97,0,333,283
552,27.02967032967033,462,144,62,263,589,300,2,865,953
553,28.09313725490196,121,33,16,59,113,66,0,194,214
554,28.020454545454545,253,69,45,109,259,145,1,442,437
555,28.616071428571427,686,170,114,300,619,351,6,1153,1081
556,27.949367088607595,85,25,19,41,98,48,0,170,146
557,28.96551724137931,531,130,81,196,501,301,2,899,839
558,29.84973404255319,316,54,23,60,189,110,4,359,389
559,28.85,650,146,97,273,629,325,4,1104,1012
560,28.700854700854702,442,113,53,170,398,228,3,739,662
561,44.6875,175,44,33,86,219,115,1,411,260
562,17.10674157303371,137,12,13,43,90,61,0,176,180
563,14.397435897435898,151,10,2,34,76,39,0,181,131
564,25.020408163265305,446,27,12,101,338,252,2,582,592
565,28.177083333333332,248,75,36,104,257,144,0,465,399
566,44.81944444444444,113,26,26,49,137,81,0,266,166
567,28.204326923076923,262,55,44,110,225,136,1,447,384
568,28.75,85,25,26,43,127,70,0,228,148
569,30.211309523809526,0,0,0,0,362,646,0,537,471
570,28.131147540983605,488,0,0,0,0,0,4,260,224
571,17.045045045045047,188,20,9,43,110,74,0,229,215
572,88.59019607843138,338,68,66,106,263,179,1,534,485
573,29.506009615384617,256,72,34,108,244,118,0,446,386
574,28.727710843373494,497,123,77,228,486,249,2,879,779
575,28.614886731391586,367,95,60,149,370,195,1,629,606
576,44.90231092436975,243,54,63,114,298,180,1,577,374
577,20.329545454545453,347,85,36,135,311,142,0,488,568
578,30.25,181,50,30,80,200,91,1,336,295
579,30.320982142857144,0,0,0,0,736,1504,3,1148,1089
580,44.73977272727273,234,48,51,110,274,163,1,554,325
581,17.054347826086957,435,67,19,123,285,175,1,547,556
582,29.336174242424242,323,72,43,133,295,190,0,562,494
583,28.826666666666668,131,50,32,94,202,91,0,318,282
584,0.0,294,44,25,60,144,73,0,368,272
585,28.971045197740114,357,103,83,191,458,224,0,760,656
586,29.503804347826087,0,1840,0,0,0,0,1,934,905
587,30.003333333333334,95,21,9,39,91,45,1,173,126
588,29.431818181818183,111,20,18,52,99,52,0,183,169
589,29.122844827586206,293,54,51,116,267,147,3,486,439
590,29.6260162601626,139,42,26,73,132,80,0,247,245
591,29.119918699186993,319,67,42,115,302,139,0,535,449
592,32.38008130081301,196,169,106,146,264,103,2,573,409
593,20.323,334,64,32,141,286,143,0,483,517
594,28.765833333333333,944,167,82,243,613,351,10,1193,1197
595,44.84288990825688,237,61,52,118,245,159,1,531,340
596,28.738725490196078,460,148,136,297,680,319,0,1065,975
597,29.542763157894736,86,22,15,40,98,43,0,163,141
598,29.114795918367346,185,49,59,111,268,112,0,408,376
599,28.806962025316455,463,125,68,193,478,253,4,811,765
600,28.20145631067961,149,38,14,31,109,71,1,183,228
601,33.04126213592233,256,202,137,184,311,146,1,740,495
602,29.561666666666667,703,134,60,186,444,273,10,857,933
603,30.09,92,27,10,29,86,56,0,147,153
604,33.083333333333336,72,35,29,49,82,45,0,196,116
605,26.752336448598133,1284,0,0,0,0,0,5,666,613
606,29.152,316,71,41,128,286,158,2,550,448
607,14.41474358974359,771,71,23,120,330,245,0,836,724
608,29.45081300813008,698,156,129,324,744,409,3,1284,1173
609,29.112962962962964,696,139,91,284,616,334,2,1149,1009
610,28.519354838709678,827,171,112,293,705,372,3,1317,1160
611,20.401785714285715,314,86,38,133,299,138,0,477,531
612,25.02857142857143,715,50,20,185,597,393,3,959,998
613,88.5251937984496,336,71,72,111,258,184,2,552,478
614,14.399271844660195,395,37,14,60,180,138,0,452,372
615,29.95042735042735,714,175,107,290,667,387,1,1257,1082
616,28.775462962962962,256,54,46,96,279,133,1,455,408
617,28.719724770642202,655,170,88,259,631,377,1,1145,1034
618,28.523255813953487,105,29,16,45,92,57,0,181,163
619,33.9225,181,123,91,114,211,80,0,467,333
620,29.88706140350877,281,60,37,123,267,144,0,497,415
621,30.81688596491228,0,0,0,0,324,588,0,508,404
622,29.205445544554454,615,165,97,250,588,305,3,1043,974
623,32.34577922077922,0,0,1232,0,0,0,0,659,573
624,0.0,508,72,60,124,259,105,0,667,461
625,0.0,214,27,24,46,101,48,0,274,186
626,14.411214953271028,224,16,10,35,82,61,0,228,200
627,29.339855072463767,522,89,46,127,356,240,4,678,698
628,14.414556962025317,798,62,23,123,340,234,1,863,716
629,28.88186813186813,71,26,24,62,123,58,0,188,176
630,29.261637931034482,746,153,106,292,672,351,2,1185,1133
631,25.18409090909091,330,25,6,68,274,177,2,420,458
632,27.68877551020408,78,28,31,66,128,61,0,222,170
633,32.741573033707866,0,0,1068,0,0,0,0,566,502
634,28.609929078014183,0,0,0,1128,0,0,0,615,513
635,28.379310344827587,243,57,59,134,295,140,0,485,443
636,29.49013157894737,154,39,26,83,201,105,0,327,281
637,33.919642857142854,179,140,106,134,248,89,3,546,347
638,28.845098039215685,610,138,78,246,645,323,2,1074,964
639,24.305371900826447,977,34,16,200,739,454,9,1173,1238
640,28.624579124579125,362,84,62,155,319,206,0,620,568
641,17.037280701754387,362,45,25,105,237,138,0,461,451
642,32.34577922077922,0,0,1232,0,0,0,0,659,573
643,20.350574712643677,242,54,26,89,189,96,1,314,381
644,28.937864077669904,674,131,88,234,602,331,1,1118,941
645,25.309375,856,51,23,218,682,410,2,1063,1175
646,27.165730337078653,230,50,27,79,210,116,0,375,337
647,28.01491935483871,728,158,102,333,740,419,2,1308,1170
648,29.186666666666667,100,27,12,33,76,52,0,151,149
649,28.98125,919,176,76,220,636,373,10,1145,1245
650,31.73125,0,0,0,0,117,203,0,156,164
651,25.25777777777778,699,43,21,169,503,365,2,856,942
652,32.7244623655914,154,113,85,103,212,77,0,451,293
653,28.35843373493976,143,20,13,36,75,45,1,170,161
654,29.072222222222223,419,86,36,101,274,164,3,539,538
655,29.106896551724137,385,120,114,269,580,272,0,908,832
656,29.214805825242717,251,58,38,111,239,127,2,456,366
657,44.73317307692308,569,144,119,252,625,371,0,1276,804
658,0.0,519,85,48,104,238,110,0,656,448
659,29.876666666666665,99,20,15,37,86,43,0,167,133
660,28.474899598393574,290,78,50,131,289,158,2,529,465
661,33.43863636363636,185,148,86,123,248,90,1,498,381
662,29.124,153,30,27,69,138,83,1,249,250
663,32.35294117647059,274,181,135,178,330,126,3,727,494
664,32.19336734693878,470,250,188,327,530,195,2,1133,825
665,29.172631578947367,542,142,82,251,547,336,4,996,900
666,28.6570796460177,557,158,145,320,707,373,0,1189,1071
667,28.385802469135804,189,64,28,73,194,100,0,338,310
668,17.073529411764707,408,47,32,116,255,162,0,538,482
669,29.495967741935484,110,43,30,65,161,87,0,267,229
670,0.0,601,79,77,127,309,139,0,782,550
671,32.041666666666664,260,149,106,150,284,131,3,631,446
672,17.045783132530122,633,98,48,187,441,253,1,831,828
673,28.862643678160918,561,122,79,224,498,256,2,899,839
674,32.34577922077922,0,0,1232,0,0,0,0,659,573
675,28.214717741935484,319,69,50,107,275,172,0,493,499
676,29.21759259259259,0,0,0,648,0,0,0,323,325
677,29.072314049586776,298,69,26,120,319,136,0,523,445
678,14.439432989690722,377,30,17,64,170,118,1,435,340
679,44.833333333333336,138,28,25,68,148,85,0,301,191
680,17.029166666666665,371,59,34,108,251,137,1,495,464
681,0.0,175,26,29,36,93,49,0,251,157
682,28.544144144144145,681,164,85,274,655,361,0,1188,1032
683,27.102409638554217,97,36,12,35,92,60,0,161,171
684,28.412121212121214,403,94,59,160,371,233,3,687,630
685,33.346666666666664,127,98,76,92,143,64,1,371,228
686,28.4732,637,184,144,355,806,374,0,1350,1150
687,32.34577922077922,0,0,1232,0,0,0,0,659,573
688,32.79598214285714,479,355,239,351,586,230,3,1310,927
689,89.67794117647058,199,48,42,74,187,130,1,353,326
690,29.146491228070175,697,167,104,283,643,386,5,1216,1059
691,32.34577922077922,0,0,1232,0,0,0,0,659,573
692,30.901315789473685,0,0,0,0,96,208,0,159,145
693,28.6495,444,143,139,300,664,310,0,1046,954
694,30.36814516129032,0,0,0,0,854,1626,0,1302,1178
695,25.74612068965517,881,57,24,211,684,463,6,1140,1174
696,14.43015873015873,641,52,15,103,273,176,0,674,586
697,27.022910479422997,592,189,86,332,770,388,3,1110,1244
698,29.310439560439562,0,364,0,0,0,0,0,199,165
699,28.4925,160,27,14,39,103,57,2,201,197
700,28.593023255813954,107,26,16,43,100,52,1,172,171
701,29.551530612244896,0,1960,0,0,0,0,1,994,965
702,28.645416666666666,723,192,124,310,660,391,5,1278,1117
703,29.50561224489796,586,145,75,253,590,311,3,1022,935
704,31.59453781512605,327,191,139,224,384,163,1,842,585
705,27.49473684210526,103,26,20,41,119,71,0,202,178
706,20.40530303030303,252,70,28,100,226,116,0,350,442
707,28.407894736842106,435,101,67,185,374,206,5,746,617
708,29.565934065934066,558,129,86,233,521,293,5,957,858
709,28.343373493975903,0,0,0,664,0,0,0,345,319
710,28.844059405940595,141,28,8,38,118,71,0,205,199
711,31.234375,96,63,40,55,89,41,0,234,150
712,28.84516129032258,572,178,163,361,827,379,0,1302,1178
713,28.45925925925926,0,0,0,1620,0,0,0,881,739
714,28.72222222222222,0,0,0,432,0,0,0,241,191
715,32.64950980392157,254,195,131,180,327,137,2,713,509
716,30.952654867256637,0,0,0,0,786,1474,1,1176,1083
717,14.411111111111111,350,21,15,52,157,125,0,379,341
718,28.668867924528303,631,167,94,246,654,328,3,1107,1010
719,29.470416666666665,688,192,110,307,729,374,2,1289,1109
720,28.923863636363638,253,64,33,113,264,153,2,469,409
721,29.32730923694779,0,996,0,0,0,0,0,517,479
722,29.131651376146788,661,146,78,303,635,357,5,1137,1038
723,32.021186440677965,104,73,48,75,124,48,0,279,193
724,29.410504201680673,678,177,109,307,725,384,1,1249,1130
725,28.75625,322,103,98,207,479,231,0,748,692
726,29.10632183908046,0,348,0,0,0,0,0,186,162
727,24.14917355371901,968,33,19,203,740,457,9,1155,1256
728,30.317088607594936,0,0,0,0,555,1025,0,809,771
729,29.345911949685533,299,89,93,192,419,180,0,660,612
730,30.54032258064516,0,0,0,0,252,492,0,379,365
731,27.045454545454547,246,85,39,154,355,177,2,505,549
732,24.799418604651162,125,9,5,34,101,70,3,175,166
733,29.608333333333334,0,0,0,0,540,1020,0,827,733
734,28.817477876106196,270,68,41,108,273,144,2,459,443
735,28.319620253164558,458,120,77,204,464,257,0,812,768
736,25.057471264367816,506,34,14,143,419,276,2,689,701
737,14.422387407083516,1138,91,37,179,496,346,1,1251,1035
738,30.19333333333333,273,61,46,130,237,153,2,477,421
739,32.34577922077922,0,0,1232,0,0,0,0,659,573
740,29.446428571428573,199,43,31,82,163,98,0,324,292
741,20.35072463768116,417,109,44,172,427,211,1,627,752
742,28.564393939393938,248,58,29,91,241,125,0,418,374
743,27.633522727272727,704,0,0,0,0,0,2,365,337
744,33.12647058823529,68,55,38,53,94,32,0,207,133
745,28.80759493670886,334,117,104,227,538,260,0,811,769
746,32.81521739130435,283,228,151,205,360,153,2,789,589
747,28.887614678899084,0,436,0,0,0,0,0,240,196
748,28.68951612903226,0,992,0,0,0,0,0,499,493
749,26.102642276422763,984,0,0,0,0,0,1,508,475
750,88.6297520661157,388,82,80,133,314,213,2,635,573
751,28.423015873015874,370,84,58,164,367,217,1,638,621
752,29.73181818181818,392,95,51,184,385,213,0,695,625
753,27.0,112,35,17,64,137,79,0,200,244
754,29.477713178294575,275,79,61,127,308,182,1,544,487
755,24.17997198879552,547,19,9,131,450,272,4,684,740
756,28.98267326732673,122,25,30,47,110,70,1,192,211
757,29.81047197640118,0,0,0,0,472,884,0,703,653
758,27.397222222222222,111,27,17,38,112,55,1,181,178
759,27.666313559322035,281,70,47,123,262,161,0,483,461
760,20.38888888888889,443,117,48,201,423,208,1,684,755
761,28.791284403669724,503,93,41,115,358,198,4,644,660
762,32.3975,376,189,152,264,428,191,1,941,658
763,28.798192771084338,106,18,11,42,96,59,1,189,142
764,29.432692307692307,77,26,18,46,94,51,0,164,148
765,14.394396551724139,476,32,16,67,201,136,1,515,412
766,14.426535087719298,492,31,17,68,186,118,0,521,391
767,27.946280991735538,142,30,27,51,154,80,0,239,245
768,23.775294117647057,673,20,15,143,538,311,5,793,902
769,28.513333333333332,284,59,42,115,246,154,1,465,434
770,29.596064814814813,351,69,24,79,213,128,1,404,459
771,29.151020408163266,443,131,137,283,666,300,0,1019,941
772,26.997395833333332,101,29,14,53,132,55,0,181,203
773,88.6297520661157,388,82,80,133,314,213,2,635,573
774,30.667410714285715,0,0,0,0,432,912,1,704,639
775,25.28370786516854,165,5,1,30,87,68,0,170,186
776,32.96953405017921,223,187,116,166,304,120,2,649,465
777,28.13938053097345,0,0,0,452,0,0,0,240,212
778,0.0,989,142,112,221,490,226,0,1264,916
779,24.502232142857142,176,6,8,52,132,74,3,198,247
780,31.917721518987342,57,55,35,55,86,28,1,180,135
781,27.05570652173913,183,64,21,102,234,132,0,341,395
782,24.046296296296298,855,32,15,175,670,413,5,1021,1134
783,0.0,639,86,78,137,306,134,0,811,569
784,29.172043010752688,220,65,31,84,221,123,1,374,369
785,28.887619047619047,652,144,98,241,601,364,3,1121,976
786,28.861386138613863,0,808,0,0,0,0,1,418,389
787,29.76860119047619,398,102,55,191,394,204,0,728,616
788,28.860504201680673,551,168,155,340,806,360,0,1231,1149
789,14.409782608695652,458,38,13,73,194,144,1,498,421
790,28.1,119,30,20,35,105,71,1,203,176
791,32.02160493827161,77,45,37,51,79,35,0,191,133
792,29.043333333333333,377,66,23,93,197,144,4,476,420
793,29.639855072463767,404,95,67,162,429,223,1,700,679
794,24.346666666666668,129,4,2,30,84,51,1,153,146
795,20.366810344827588,782,179,80,308,652,319,1,1055,1264
796,17.040869565217392,904,134,59,258,595,350,1,1160,1139
797,29.177350427350426,286,75,40,123,277,135,0,475,461
798,28.862903225806452,424,90,33,109,289,171,5,561,550
799,27.00862068965517,101,22,16,49,107,53,0,185,163
800,27.002777777777776,90,24,15,61,111,59,0,161,199
801,29.45921985815603,0,1128,0,0,0,0,0,559,569
802,31.262376237623762,0,0,0,0,142,262,1,203,200
803,32.77638888888889,0,0,720,0,0,0,0,388,332
804,20.373376623376622,199,42,28,83,184,80,1,306,309
805,29.513853904282115,0,1985,0,0,0,0,1,1007,977
806,27.629076086956523,213,61,36,106,205,115,0,396,340
807,29.307471264367816,413,92,56,180,407,244,2,708,682
808,28.848118279569892,323,105,108,220,507,225,0,768,720
809,28.44736842105263,232,52,42,93,229,112,1,387,372
810,14.420588235294117,826,64,28,130,378,274,1,920,779
811,29.461038961038962,274,66,31,102,280,171,1,477,446
812,27.019444444444446,272,92,31,145,355,185,2,519,559
813,0.0,737,99,83,161,361,159,0,926,674
814,29.153787878787877,384,89,59,138,399,251,0,685,635
815,0.0,199,28,25,39,105,28,0,231,193
816,28.97485632183908,392,106,61,165,446,222,1,710,681
817,28.620481927710845,118,31,11,39,85,48,2,171,159
818,28.897058823529413,456,90,37,132,315,194,3,605,616
819,28.444602272727273,0,0,0,704,0,0,0,382,322
820,28.780241935483872,552,104,40,150,419,223,6,755,727
821,25.34198113207547,146,14,1,40,143,80,0,200,224
822,30.179787234042553,0,0,0,0,655,1225,1,963,916
823,28.890463917525775,240,66,34,87,225,124,0,399,377
824,27.55625,320,0,0,0,0,0,0,157,163
825,44.6985294117647,325,89,69,149,368,224,0,769,455
826,14.428685897435898,626,59,20,87,262,194,0,659,589
827,32.398305084745765,213,136,73,143,263,116,1,535,408
828,27.002898550724638,343,108,51,198,454,226,2,664,714
829,28.813978494623655,572,131,79,252,540,286,0,968,892
830,29.012626262626263,0,396,0,0,0,0,0,195,201
831,29.08298319327731,217,76,68,122,320,149,0,507,445
832,88.6297520661157,388,82,80,133,314,213,2,635,573
833,28.480113636363637,261,54,25,80,164,120,1,358,345
834,27.758426966292134,343,74,48,123,305,175,1,571,496
835,20.352906976744187,563,132,50,240,481,254,0,802,918
836,44.75356125356125,394,86,85,162,427,250,1,832,571
837,29.069791666666667,289,71,47,124,271,158,4,482,474
838,28.792173913043477,754,164,95,286,644,357,5,1215,1080
839,32.11529126213592,0,0,824,0,0,0,0,437,387
840,28.477272727272727,138,36,17,50,121,78,2,227,211
841,29.66391509433962,252,53,46,88,259,150,2,447,399
842,28.777173913043477,211,55,26,99,213,132,0,391,345
843,14.426470588235293,173,16,5,26,67,53,0,197,143
844,27.43548387096774,345,82,33,141,344,171,2,583,531
845,28.719158878504672,646,151,89,267,641,346,4,1109,1027
846,14.427835051546392,193,21,6,33,70,65,0,214,174
847,17.09550561797753,132,21,9,42,77,75,0,162,194
848,17.02922077922078,125,15,8,39,80,41,1,144,163
849,28.648373983739837,0,0,0,492,0,0,0,261,231
850,28.605,0,0,0,400,0,0,0,230,170
851,32.34577922077922,0,0,1232,0,0,0,0,659,573
852,0.0,398,59,51,100,225,91,0,527,397
853,24.855263157894736,236,9,9,61,164,129,3,295,310
854,16.958333333333332,154,23,9,29,75,70,0,187,173
855,28.996951219512194,321,83,51,108,262,159,2,526,456
856,27.04559748427673,324,101,44,185,417,201,2,593,677
857,0.0,770,114,88,170,379,179,0,991,709
858,29.628348214285715,329,65,29,94,229,150,3,449,444
859,29.30574712643678,663,129,53,165,466,264,6,862,872
860,28.809782608695652,210,60,66,142,307,135,0,466,454
861,28.619090909090907,875,166,66,210,535,348,9,1060,1131
862,0.0,605,88,69,120,278,136,0,759,537
863,28.697222222222223,434,107,65,175,417,242,0,768,672
864,28.807731958762886,588,130,87,241,570,324,1,1001,938
865,26.080729166666668,1920,0,0,0,0,0,7,953,960
866,29.513853904282115,0,1985,0,0,0,0,1,1007,977
867,29.32962962962963,683,175,93,276,604,329,1,1151,1008
868,28.90691489361702,187,61,51,103,244,106,0,398,354
869,29.0576,941,190,87,238,666,378,5,1262,1233
870,29.181122448979593,303,53,21,75,189,143,3,390,391
871,14.438333333333333,603,43,21,89,274,170,0,654,546
872,24.08262711864407,376,13,3,83,290,179,5,458,481
873,14.396306818181818,339,27,11,57,155,115,1,384,319
874,28.967125382262996,291,91,78,192,442,214,0,682,626
875,44.77752808988764,492,116,98,207,530,337,1,1076,703
876,26.443627450980394,140,31,17,40,115,65,0,200,208
877,29.418526785714285,331,70,33,88,232,142,1,439,456
878,28.774193548387096,111,32,14,50,104,61,0,209,163
879,14.410714285714286,592,42,14,96,245,187,0,661,515
880,27.032967032967033,90,25,15,57,112,65,0,167,197
881,28.32263157894737,574,139,71,236,566,314,2,962,936
882,30.08173076923077,123,34,10,48,132,69,0,222,194
883,29.08671171171171,326,64,32,87,240,139,3,448,437
884,0.0,698,102,73,149,353,165,0,865,675
885,29.1734693877551,126,23,20,36,128,59,0,217,175
886,0.0,402,62,41,93,216,86,0,495,405
887,29.330357142857142,244,62,39,106,218,115,0,421,363
888,28.5,108,17,19,47,106,51,0,178,170
889,28.0,0,0,0,304,0,0,0,170,134
890,31.798387096774192,116,65,46,79,132,58,0,282,214
891,24.989035087719298,169,4,4,57,138,84,0,226,230
892,28.029411764705884,249,52,40,102,226,147,1,415,400
893,25.47872340425532,140,8,5,33,113,77,2,181,193
894,28.20014245014245,422,98,67,163,431,223,1,747,656
895,28.286666666666665,300,0,0,0,0,0,1,160,139
896,28.87538940809969,386,110,64,146,356,222,2,657,625
897,29.111725663716815,261,71,23,118,267,164,0,470,434
898,44.75364128173117,649,161,140,293,721,439,1,1476,926
899,30.166666666666668,0,0,0,0,377,727,0,576,528
900,30.07251082251082,276,66,41,101,297,143,0,499,425
901,28.86474358974359,344,106,114,225,534,237,0,821,739
902,24.266666666666666,665,21,10,134,541,309,7,809,864
903,29.331858407079647,525,97,39,142,337,216,5,662,689
904,28.93010752688172,569,153,75,205,548,310,3,1007,850
905,17.0,202,32,7,46,118,67,1,228,243
906,28.645,593,149,80,253,609,316,1,1039,960
907,26.62363387978142,1464,0,0,0,0,0,2,753,709
908,0.0,431,60,51,108,211,99,0,542,418
909,29.655133928571427,369,60,29,91,228,119,5,424,467
910,0.0,989,142,112,221,490,226,0,1264,916
911,27.39627659574468,376,0,0,0,0,0,1,177,198
912,27.63125,102,24,21,47,79,47,1,146,173
913,29.19,0,600,0,0,0,0,0,310,290
914,28.9468085106383,283,49,18,81,212,109,2,371,379
915,0.0,556,79,65,116,296,124,0,714,522
916,31.93527508090615,296,177,112,191,330,130,3,714,519
917,29.398765432098767,517,97,60,193,475,278,3,835,782
918,25.60655737704918,976,0,0,0,0,0,2,485,489
919,28.69158878504673,250,65,44,102,252,143,2,435,419
920,25.44736842105263,176,13,5,36,138,88,2,232,222
921,29.558988764044944,0,356,0,0,0,0,0,182,174
922,0.0,511,70,52,110,237,112,0,614,478
923,29.099537037037038,141,22,13,65,121,70,1,222,209
924,88.78395061728395,107,26,14,34,87,56,0,176,148
925,29.068181818181817,444,104,82,178,422,222,2,788,662
926,29.049050632911392,205,48,23,68,186,102,2,340,290
927,32.8231981981982,197,129,96,135,246,85,2,524,362
928,16.982142857142858,170,27,17,57,113,64,0,241,207
929,29.359375,102,18,12,46,94,48,0,162,158
930,14.402777777777779,345,38,14,60,159,104,0,390,330
931,28.853070175438596,0,0,0,912,0,0,0,496,416
932,31.060439560439562,0,0,0,0,116,248,0,165,199
933,29.115466101694917,288,53,41,124,288,150,1,508,435
934,28.610576923076923,165,36,13,38,105,59,2,210,204
935,29.10990990990991,678,145,97,285,658,357,3,1154,1063
936,25.710833333333333,889,58,27,231,726,469,4,1163,1233
937,28.817540322580644,305,64,40,132,291,160,2,504,486
938,28.617916666666666,594,161,154,343,750,398,0,1266,1134
939,28.9316,567,179,171,367,835,381,0,1308,1192
940,17.038834951456312,152,22,10,47,110,71,1,195,216
941,28.21813725490196,0,0,0,408,0,0,0,221,187
942,32.34577922077922,0,0,1232,0,0,0,0,659,573
943,29.185164835164834,555,141,67,244,518,295,2,959,859
944,27.762931034482758,153,28,22,52,123,86,0,248,216
945,27.371875,0,320,0,0,0,0,0,172,148
946,44.80351681957187,363,94,74,159,381,237,1,812,495
947,27.828260869565216,152,26,23,58,130,71,2,233,225
948,28.65282258064516,569,167,169,355,847,373,0,1285,1195
949,27.809633027522935,197,71,48,138,298,120,0,463,409
950,32.218333333333334,257,195,132,182,308,126,2,696,502
951,29.253177966101696,317,56,34,118,277,142,0,483,461
952,25.296835443037974,601,33,17,142,488,299,3,757,820
953,28.623232323232322,502,134,118,282,636,308,0,1074,906
954,44.77197802197802,211,46,47,87,220,117,1,443,284
955,0.0,283,40,33,78,158,64,0,386,270
956,26.203703703703702,864,0,0,0,0,0,2,436,426
957,25.373563218390803,129,5,3,40,106,65,1,193,154
958,14.435714285714285,398,39,13,67,189,134,1,471,368
959,28.785454545454545,496,164,145,334,721,340,0,1152,1048
960,17.054347826086957,439,62,29,134,284,156,1,555,548
961,29.006043956043957,570,142,80,216,535,277,4,940,876
962,29.56505376344086,0,1860,0,0,0,0,1,957,902
963,27.67361111111111,123,25,25,51,135,73,1,257,174
964,30.345709570957094,0,0,0,0,450,762,0,601,611
965,29.026699029126213,203,55,47,126,261,132,0,433,391
966,29.181333333333335,456,111,76,176,472,209,3,782,715
967,29.64673913043478,0,1840,0,0,0,0,1,929,910
968,27.02803738317757,544,174,76,301,696,349,3,1005,1132
969,29.635714285714286,246,63,39,97,262,133,0,447,393
970,0.0,407,66,34,100,204,101,0,523,389
971,28.436,482,86,57,186,461,228,2,788,710
972,29.004310344827587,229,55,23,64,213,112,0,363,333
973,28.841145833333332,119,27,20,41,107,70,0,186,198
974,25.272727272727273,139,9,0,30,105,69,2,160,190
975,28.71239837398374,304,65,51,132,292,140,3,511,470
976,29.146084337349397,170,42,47,91,219,95,0,364,300
977,24.61111111111111,455,10,10,98,335,208,4,552,560
978,20.291666666666668,109,18,8,48,88,41,0,148,164
979,88.6297520661157,388,82,80,133,314,213,2,635,573
980,28.457291666666666,406,54,27,96,225,152,7,486,467
981,26.23893442622951,2440,0,0,0,0,0,10,1292,1138
982,30.384375,98,24,15,38,90,55,0,165,155
983,0.0,396,68,39,103,201,97,0,501,403
984,0.0,162,21,20,40,70,39,0,202,150
985,0.0,219,27,23,40,95,36,0,253,187
986,29.0136,731,182,95,308,763,421,2,1297,1201
987,17.041071428571428,898,135,61,238,571,337,1,1144,1095
988,28.760309278350515,0,0,0,776,0,0,0,418,358
989,28.747549019607842,630,143,85,267,609,306,3,1066,971
990,29.455128205128204,98,20,13,38,91,52,0,148,164
991,29.0,208,40,33,97,182,120,0,365,315
992,32.40470297029703,0,0,808,0,0,0,0,431,377
993,24.534166666666668,478,17,12,96,361,236,4,583,613
994,28.797448979591838,594,128,90,236,580,332,3,1037,920
995,29.03188775510204,245,63,29,99,228,120,3,401,380
996,29.594444444444445,0,1260,0,0,0,0,0,668,592
997,29.13225806451613,745,175,121,324,712,403,2,1343,1135
998,88.12090163934427,309,64,68,105,262,168,2,517,457
999,30.44264705882353,0,0,0,0,679,1361,0,1058,982
1000,24.01388888888889,143,9,2,31,102,73,1,170,189
1001,29.493023255813952,514,122,72,230,519,263,1,885,834
1002,28.817708333333332,121,37,15,58,110,43,0,181,203
1003,28.891304347826086,105,25,15,56,104,63,0,200,168
1004,28.954545454545453,132,51,25,57,156,63,1,274,209
1005,28.16903409090909,178,62,38,96,211,119,0,364,340
1006,88.6297520661157,388,82,80,133,314,213,2,635,573
1007,28.529,294,67,46,134,290,169,1,519,480
